#SampleID	BarcodeSequence	Day	Density	LinkerPrimerSequence	Treatment	Description
cont.PS.1.11	TCAACCAACC	1	1.7548	CAGGACTACHVGGGTWTCTAAT	12CCPS	cont.PS.1.11
cont.PS.1.13	TCAACGAACG	1	1.7494	CAGGACTACHVGGGTWTCTAAT	12CCPS	cont.PS.1.13
cont.PS.1.14	TCAACGTTCG	1	1.7417	CAGGACTACHVGGGTWTCTAAT	12CCPS	cont.PS.1.14
cont.PS.1.15	TCAAGCTACC	1	1.7373	CAGGACTACHVGGGTWTCTAAT	12CCPS	cont.PS.1.15
cont.PS.1.16	TCAAGGTACG	1	1.733	CAGGACTACHVGGGTWTCTAAT	12CCPS	cont.PS.1.16
cont.PS.1.17	TCAATTGCGC	1	1.7286	CAGGACTACHVGGGTWTCTAAT	12CCPS	cont.PS.1.17
cont.PS.1.18	TCACACGTCA	1	1.7231	CAGGACTACHVGGGTWTCTAAT	12CCPS	cont.PS.1.18
cont.PS.1.19	TCACAGCTCA	1	1.7188	CAGGACTACHVGGGTWTCTAAT	12CCPS	cont.PS.1.19
cont.PS.1.20	TCAACCAAGG	1	1.7177	CAGGACTACHVGGGTWTCTAAT	12CCPS	cont.PS.1.20
cont.PS.1.21	TCACACTCTC	1	1.7133	CAGGACTACHVGGGTWTCTAAT	12CCPS	cont.PS.1.21
cont.PS.1.22	TCACAGGAGT	1	1.7078	CAGGACTACHVGGGTWTCTAAT	12CCPS	cont.PS.1.22
cont.PS.1.23	TCACGTGATC	1	1.7045	CAGGACTACHVGGGTWTCTAAT	12CCPS	cont.PS.1.23
cont.PS.1.24	TCACGTGTAC	1	1.6991	CAGGACTACHVGGGTWTCTAAT	12CCPS	cont.PS.1.24
cont.PS.1.25	TCACGTGTTG	1	1.6969	CAGGACTACHVGGGTWTCTAAT	12CCPS	cont.PS.1.25
cont.PS.1.26	TCAACGCCAT	1	1.6914	CAGGACTACHVGGGTWTCTAAT	12CCPS	cont.PS.1.26
cont.PS.1.27	TCAAGCATCC	1	1.6903	CAGGACTACHVGGGTWTCTAAT	12CCPS	cont.PS.1.27
cont.PS.1.28	TCAAGGAACC	1	1.6849	CAGGACTACHVGGGTWTCTAAT	12CCPS	cont.PS.1.28
cont.PS.1.29	TCAACCGCAT	1	1.6827	CAGGACTACHVGGGTWTCTAAT	12CCPS	cont.PS.1.29
cont.PS.1.30	TCAACGAAGC	1	1.6794	CAGGACTACHVGGGTWTCTAAT	12CCPS	cont.PS.1.30
cont.PS.1.31	TCAACGTTGC	1	1.675	CAGGACTACHVGGGTWTCTAAT	12CCPS	cont.PS.1.31
cont.PS.3.10	TCAGAGCAGT	3	1.7319	CAGGACTACHVGGGTWTCTAAT	12CCPS	cont.PS.3.10
cont.PS.3.11	TCAGAGCTCT	3	1.7286	CAGGACTACHVGGGTWTCTAAT	12CCPS	cont.PS.3.11
cont.PS.3.12	TCAGAGCTGA	3	1.7231	CAGGACTACHVGGGTWTCTAAT	12CCPS	cont.PS.3.12
cont.PS.3.13	TCAGAGGACT	3	1.7188	CAGGACTACHVGGGTWTCTAAT	12CCPS	cont.PS.3.13
cont.PS.3.14	TCAGCAAGGT	3	1.7144	CAGGACTACHVGGGTWTCTAAT	12CCPS	cont.PS.3.14
cont.PS.3.15	TCAGCACAAG	3	1.7111	CAGGACTACHVGGGTWTCTAAT	12CCPS	cont.PS.3.15
cont.PS.3.16	TCAGCACTTG	3	1.7056	CAGGACTACHVGGGTWTCTAAT	12CCPS	cont.PS.3.16
cont.PS.3.17	TCAGCAGAAC	3	1.7013	CAGGACTACHVGGGTWTCTAAT	12CCPS	cont.PS.3.17
cont.PS.3.18	TCAGCAGATG	3	1.6980000000000002	CAGGACTACHVGGGTWTCTAAT	12CCPS	cont.PS.3.18
cont.PS.3.19	TCAGCAGTAG	3	1.6936	CAGGACTACHVGGGTWTCTAAT	12CCPS	cont.PS.3.19
cont.PS.3.20	TCAGCAGTTC	3	1.6892	CAGGACTACHVGGGTWTCTAAT	12CCPS	cont.PS.3.20
cont.PS.3.21	TCAGCACATC	3	1.686	CAGGACTACHVGGGTWTCTAAT	12CCPS	cont.PS.3.21
cont.PS.3.22	TCAGCACTAC	3	1.6827	CAGGACTACHVGGGTWTCTAAT	12CCPS	cont.PS.3.22
cont.PS.3.23	TCAGAGGAGA	3	1.6783	CAGGACTACHVGGGTWTCTAAT	12CCPS	cont.PS.3.23
cont.PS.3.24	TCAGAGGTCA	3	1.6739	CAGGACTACHVGGGTWTCTAAT	12CCPS	cont.PS.3.24
cont.PS.3.25	TCAGAGGTGT	3	1.6696	CAGGACTACHVGGGTWTCTAAT	12CCPS	cont.PS.3.25
cont.PS.3.6	TCAGAGACTG	3	1.7515	CAGGACTACHVGGGTWTCTAAT	12CCPS	cont.PS.3.6
cont.PS.3.7	TCAGAGAGAG	3	1.745	CAGGACTACHVGGGTWTCTAAT	12CCPS	cont.PS.3.7
cont.PS.3.8	TCAGAGAGTC	3	1.7406	CAGGACTACHVGGGTWTCTAAT	12CCPS	cont.PS.3.8
cont.PS.3.9	TCAGAGCACA	3	1.7373	CAGGACTACHVGGGTWTCTAAT	12CCPS	cont.PS.3.9
cont.PS.30.10	TCAAGCTTCG	30	1.7362	CAGGACTACHVGGGTWTCTAAT	12CCPS	cont.PS.30.10
cont.PS.30.11	TCAAGGTTCC	30	1.7297	CAGGACTACHVGGGTWTCTAAT	12CCPS	cont.PS.30.11
cont.PS.30.12	TCAAGCGGTA	30	1.7264	CAGGACTACHVGGGTWTCTAAT	12CCPS	cont.PS.30.12
cont.PS.30.13	TCAAGGCGTA	30	1.722	CAGGACTACHVGGGTWTCTAAT	12CCPS	cont.PS.30.13
cont.PS.30.14	TCAATTGCCG	30	1.7155	CAGGACTACHVGGGTWTCTAAT	12CCPS	cont.PS.30.14
cont.PS.30.15	TCACACGAGA	30	1.7122	CAGGACTACHVGGGTWTCTAAT	12CCPS	cont.PS.30.15
cont.PS.30.16	TCACTGAGAG	30	1.7089	CAGGACTACHVGGGTWTCTAAT	12CCPS	cont.PS.30.16
cont.PS.30.17	TCACTGAGTC	30	1.7045	CAGGACTACHVGGGTWTCTAAT	12CCPS	cont.PS.30.17
cont.PS.30.18	TCACTGCACA	30	1.7002	CAGGACTACHVGGGTWTCTAAT	12CCPS	cont.PS.30.18
cont.PS.30.19	TCACTGCAGT	30	1.6969	CAGGACTACHVGGGTWTCTAAT	12CCPS	cont.PS.30.19
cont.PS.30.20	TCACTGCTCT	30	1.6936	CAGGACTACHVGGGTWTCTAAT	12CCPS	cont.PS.30.20
cont.PS.30.21	TCACTGCTGA	30	1.6882	CAGGACTACHVGGGTWTCTAAT	12CCPS	cont.PS.30.21
cont.PS.30.22	TCACAGCAGA	30	1.6838	CAGGACTACHVGGGTWTCTAAT	12CCPS	cont.PS.30.22
cont.PS.30.23	TCACACACAC	30	1.6816	CAGGACTACHVGGGTWTCTAAT	12CCPS	cont.PS.30.23
cont.PS.30.24	TCACCAACGT	30	1.6794	CAGGACTACHVGGGTWTCTAAT	12CCPS	cont.PS.30.24
cont.PS.30.25	TCACGAAGGT	30	1.6739	CAGGACTACHVGGGTWTCTAAT	12CCPS	cont.PS.30.25
cont.PS.30.6	TCACAGCTGT	30	1.7614	CAGGACTACHVGGGTWTCTAAT	12CCPS	cont.PS.30.6
cont.PS.30.7	TCAACCATCG	30	1.7526	CAGGACTACHVGGGTWTCTAAT	12CCPS	cont.PS.30.7
cont.PS.30.8	TCAACGATCC	30	1.7461	CAGGACTACHVGGGTWTCTAAT	12CCPS	cont.PS.30.8
cont.PS.30.9	TCAAGCAACG	30	1.7395	CAGGACTACHVGGGTWTCTAAT	12CCPS	cont.PS.30.9
13C.PS.14.10	TCAAGGATGC	14	1.7297	CAGGACTACHVGGGTWTCTAAT	13CCPS	13C.PS.14.10
13C.PS.14.11	TCACTCACTC	14	1.7253	CAGGACTACHVGGGTWTCTAAT	13CCPS	13C.PS.14.11
13C.PS.14.12	TCACTCAGAC	14	1.7209	CAGGACTACHVGGGTWTCTAAT	13CCPS	13C.PS.14.12
13C.PS.14.13	TCACTCAGTG	14	1.7177	CAGGACTACHVGGGTWTCTAAT	13CCPS	13C.PS.14.13
13C.PS.14.14	TCACTCCACT	14	1.7144	CAGGACTACHVGGGTWTCTAAT	13CCPS	13C.PS.14.14
13C.PS.14.15	TCACTCCAGA	14	1.7111	CAGGACTACHVGGGTWTCTAAT	13CCPS	13C.PS.14.15
13C.PS.14.16	TCAGACCAGA	14	1.7078	CAGGACTACHVGGGTWTCTAAT	13CCPS	13C.PS.14.16
13C.PS.14.17	TCAGACCTCA	14	1.7024	CAGGACTACHVGGGTWTCTAAT	13CCPS	13C.PS.14.17
13C.PS.14.18	TCAGACCTGT	14	1.6969	CAGGACTACHVGGGTWTCTAAT	13CCPS	13C.PS.14.18
13C.PS.14.19	TCAGACGACA	14	1.6936	CAGGACTACHVGGGTWTCTAAT	13CCPS	13C.PS.14.19
13C.PS.14.20	TCACTCCTCA	14	1.6892	CAGGACTACHVGGGTWTCTAAT	13CCPS	13C.PS.14.20
13C.PS.14.21	TCACTCCTGT	14	1.686	CAGGACTACHVGGGTWTCTAAT	13CCPS	13C.PS.14.21
13C.PS.14.22	TCACTCGACA	14	1.6816	CAGGACTACHVGGGTWTCTAAT	13CCPS	13C.PS.14.22
13C.PS.14.23	TCACTCGAGT	14	1.6783	CAGGACTACHVGGGTWTCTAAT	13CCPS	13C.PS.14.23
13C.PS.14.24	TCAATAGGCG	14	1.675	CAGGACTACHVGGGTWTCTAAT	13CCPS	13C.PS.14.24
13C.PS.14.5	TCACAGACAG	14	1.757	CAGGACTACHVGGGTWTCTAAT	13CCPS	13C.PS.14.5
13C.PS.14.6	TCACAGTCAC	14	1.7515	CAGGACTACHVGGGTWTCTAAT	13CCPS	13C.PS.14.6
13C.PS.14.7	TCAACCGGTT	14	1.745	CAGGACTACHVGGGTWTCTAAT	13CCPS	13C.PS.14.7
13C.PS.14.8	TCAACGCGTT	14	1.7515	CAGGACTACHVGGGTWTCTAAT	13CCPS	13C.PS.14.8
13C.PS.14.9	TCAAGCCGTT	14	1.7351	CAGGACTACHVGGGTWTCTAAT	13CCPS	13C.PS.14.9
13C.PS.3.12	TCAAGCTAGG	3	1.7526	CAGGACTACHVGGGTWTCTAAT	13CCPS	13C.PS.3.12
13C.PS.3.13	TCAAGGTAGC	3	1.7494	CAGGACTACHVGGGTWTCTAAT	13CCPS	13C.PS.3.13
13C.PS.3.14	TCAATTGGCC	3	1.7461	CAGGACTACHVGGGTWTCTAAT	13CCPS	13C.PS.3.14
13C.PS.3.16	TCAAGCTTGC	3	1.7384	CAGGACTACHVGGGTWTCTAAT	13CCPS	13C.PS.3.16
13C.PS.3.17	TCAAGGTTGG	3	1.7341	CAGGACTACHVGGGTWTCTAAT	13CCPS	13C.PS.3.17
13C.PS.3.19	TCACACCAGT	3	1.7264	CAGGACTACHVGGGTWTCTAAT	13CCPS	13C.PS.3.19
13C.PS.3.20	TCACAGACTC	3	1.7231	CAGGACTACHVGGGTWTCTAAT	13CCPS	13C.PS.3.20
13C.PS.3.21	TCACAGTCTG	3	1.7198	CAGGACTACHVGGGTWTCTAAT	13CCPS	13C.PS.3.21
13C.PS.3.22	TCAACCTACG	3	1.7166	CAGGACTACHVGGGTWTCTAAT	13CCPS	13C.PS.3.22
13C.PS.3.23	TCACTCGTCT	3	1.7111	CAGGACTACHVGGGTWTCTAAT	13CCPS	13C.PS.3.23
13C.PS.3.24	TCACTCGTGA	3	1.7067	CAGGACTACHVGGGTWTCTAAT	13CCPS	13C.PS.3.24
13C.PS.3.25	TCAACGGCAA	3	1.7013	CAGGACTACHVGGGTWTCTAAT	13CCPS	13C.PS.3.25
13C.PS.3.26	TCACTCTCAC	3	1.6969	CAGGACTACHVGGGTWTCTAAT	13CCPS	13C.PS.3.26
13C.PS.3.27	TCACTCTCTG	3	1.6947	CAGGACTACHVGGGTWTCTAAT	13CCPS	13C.PS.3.27
13C.PS.3.28	TCACTCTGAG	3	1.6903	CAGGACTACHVGGGTWTCTAAT	13CCPS	13C.PS.3.28
13C.PS.3.29	TCACTCTGTC	3	1.6892	CAGGACTACHVGGGTWTCTAAT	13CCPS	13C.PS.3.29
13C.PS.3.31	TCAAGCGCAA	3	1.6827	CAGGACTACHVGGGTWTCTAAT	13CCPS	13C.PS.3.31
13C.PS.3.32	TCAAGGCCAA	3	1.6805	CAGGACTACHVGGGTWTCTAAT	13CCPS	13C.PS.3.32
13C.PS.3.33	TCAATTCCGG	3	1.6739	CAGGACTACHVGGGTWTCTAAT	13CCPS	13C.PS.3.33
13C.PS.3.34	TCACACCTCT	3	1.6707	CAGGACTACHVGGGTWTCTAAT	13CCPS	13C.PS.3.34
13C.PS.30.10	TCACGACTAC	30	1.7319	CAGGACTACHVGGGTWTCTAAT	13CCPS	13C.PS.30.10
13C.PS.30.11	TCACGACTTG	30	1.7242	CAGGACTACHVGGGTWTCTAAT	13CCPS	13C.PS.30.11
13C.PS.30.12	TCACGAGAAC	30	1.7209	CAGGACTACHVGGGTWTCTAAT	13CCPS	13C.PS.30.12
13C.PS.30.13	TCACGAGATG	30	1.7166	CAGGACTACHVGGGTWTCTAAT	13CCPS	13C.PS.30.13
13C.PS.30.14	TCACGAGTAG	30	1.7122	CAGGACTACHVGGGTWTCTAAT	13CCPS	13C.PS.30.14
13C.PS.30.15	TCACTGGACT	30	1.7078	CAGGACTACHVGGGTWTCTAAT	13CCPS	13C.PS.30.15
13C.PS.30.16	TCACTGGAGA	30	1.7045	CAGGACTACHVGGGTWTCTAAT	13CCPS	13C.PS.30.16
13C.PS.30.17	TCACTGGTCA	30	1.6991	CAGGACTACHVGGGTWTCTAAT	13CCPS	13C.PS.30.17
13C.PS.30.18	TCACTGGTGT	30	1.6958	CAGGACTACHVGGGTWTCTAAT	13CCPS	13C.PS.30.18
13C.PS.30.19	TCACTGTCAG	30	1.6914	CAGGACTACHVGGGTWTCTAAT	13CCPS	13C.PS.30.19
13C.PS.30.20	TCACGAGTTC	30	1.6925	CAGGACTACHVGGGTWTCTAAT	13CCPS	13C.PS.30.20
13C.PS.30.21	TCACGATCCA	30	1.6838	CAGGACTACHVGGGTWTCTAAT	13CCPS	13C.PS.30.21
13C.PS.30.22	TCACGATCGT	30	1.6805	CAGGACTACHVGGGTWTCTAAT	13CCPS	13C.PS.30.22
13C.PS.30.23	TCAACGATGG	30	1.675	CAGGACTACHVGGGTWTCTAAT	13CCPS	13C.PS.30.23
13C.PS.30.24	TCAAGCAAGC	30	1.6707	CAGGACTACHVGGGTWTCTAAT	13CCPS	13C.PS.30.24
13C.PS.30.5	TCACACTCAG	30	1.7526	CAGGACTACHVGGGTWTCTAAT	13CCPS	13C.PS.30.5
13C.PS.30.6	TCACAGGACA	30	1.7494	CAGGACTACHVGGGTWTCTAAT	13CCPS	13C.PS.30.6
13C.PS.30.7	TCAACCATGC	30	1.7439	CAGGACTACHVGGGTWTCTAAT	13CCPS	13C.PS.30.7
13C.PS.30.8	TCACGACAAG	30	1.7406	CAGGACTACHVGGGTWTCTAAT	13CCPS	13C.PS.30.8
13C.PS.30.9	TCACGACATC	30	1.7341	CAGGACTACHVGGGTWTCTAAT	13CCPS	13C.PS.30.9
13X.PS.1.10	TCAATAGGCG	1	1.7319	CAGGACTACHVGGGTWTCTAAT	13CXPS	13X.PS.1.10
13X.PS.1.11	TCACACCAGT	1	1.7286	CAGGACTACHVGGGTWTCTAAT	13CXPS	13X.PS.1.11
13X.PS.1.12	TCACTCACAG	1	1.7231	CAGGACTACHVGGGTWTCTAAT	13CXPS	13X.PS.1.12
13X.PS.1.13	TCACTCACTC	1	1.7177	CAGGACTACHVGGGTWTCTAAT	13CXPS	13X.PS.1.13
13X.PS.1.14	TCACTCAGAC	1	1.7144	CAGGACTACHVGGGTWTCTAAT	13CXPS	13X.PS.1.14
13X.PS.1.15	TCACTCAGTG	1	1.71	CAGGACTACHVGGGTWTCTAAT	13CXPS	13X.PS.1.15
13X.PS.1.16	TCACTCCACT	1	1.7067	CAGGACTACHVGGGTWTCTAAT	13CXPS	13X.PS.1.16
13X.PS.1.17	TCACTCCAGA	1	1.7024	CAGGACTACHVGGGTWTCTAAT	13CXPS	13X.PS.1.17
13X.PS.1.18	TCACTCCTCA	1	1.6991	CAGGACTACHVGGGTWTCTAAT	13CXPS	13X.PS.1.18
13X.PS.1.19	TCACTCCTGT	1	1.7013	CAGGACTACHVGGGTWTCTAAT	13CXPS	13X.PS.1.19
13X.PS.1.2	TCAACGCGTT	1	1.7526	CAGGACTACHVGGGTWTCTAAT	13CXPS	13X.PS.1.2
13X.PS.1.20	TCACAGACTC	1	1.6903	CAGGACTACHVGGGTWTCTAAT	13CXPS	13X.PS.1.20
13X.PS.1.21	TCACTCGACA	1	1.6849	CAGGACTACHVGGGTWTCTAAT	13CXPS	13X.PS.1.21
13X.PS.1.3	TCAAGCCGTT	1	1.7515	CAGGACTACHVGGGTWTCTAAT	13CXPS	13X.PS.1.3
13X.PS.1.4	TCAAGGATGC	1	1.7494	CAGGACTACHVGGGTWTCTAAT	13CXPS	13X.PS.1.4
13X.PS.1.5	TCACACCACA	1	1.7494	CAGGACTACHVGGGTWTCTAAT	13CXPS	13X.PS.1.5
13X.PS.1.6	TCACAGACAG	1	1.745	CAGGACTACHVGGGTWTCTAAT	13CXPS	13X.PS.1.6
13X.PS.1.7	TCACAGTCAC	1	1.7417	CAGGACTACHVGGGTWTCTAAT	13CXPS	13X.PS.1.7
13X.PS.1.8	TCAACCGGTT	1	1.7384	CAGGACTACHVGGGTWTCTAAT	13CXPS	13X.PS.1.8
13X.PS.1.9	TCACGTTGGT	1	1.7351	CAGGACTACHVGGGTWTCTAAT	13CXPS	13X.PS.1.9
13X.PS.14.10	TCAAGCTAGG	14	1.7581	CAGGACTACHVGGGTWTCTAAT	13CXPS	13X.PS.14.10
13X.PS.14.11	TCAAGGTAGC	14	1.7537	CAGGACTACHVGGGTWTCTAAT	13CXPS	13X.PS.14.11
13X.PS.14.12	TCACAGTCTG	14	1.7494	CAGGACTACHVGGGTWTCTAAT	13CXPS	13X.PS.14.12
13X.PS.14.13	TCAACCTACG	14	1.745	CAGGACTACHVGGGTWTCTAAT	13CXPS	13X.PS.14.13
13X.PS.14.14	TCAATTGGCC	14	1.7384	CAGGACTACHVGGGTWTCTAAT	13CXPS	13X.PS.14.14
13X.PS.14.15	TCAACGGCAA	14	1.7351	CAGGACTACHVGGGTWTCTAAT	13CXPS	13X.PS.14.15
13X.PS.14.16	TCAAGCGCAA	14	1.7308	CAGGACTACHVGGGTWTCTAAT	13CXPS	13X.PS.14.16
13X.PS.14.17	TCAAGGCCAA	14	1.7253	CAGGACTACHVGGGTWTCTAAT	13CXPS	13X.PS.14.17
13X.PS.14.18	TCAATTCCGG	14	1.7231	CAGGACTACHVGGGTWTCTAAT	13CXPS	13X.PS.14.18
13X.PS.14.20	TCACTCGAGT	14	1.7155	CAGGACTACHVGGGTWTCTAAT	13CXPS	13X.PS.14.20
13X.PS.14.21	TCACTCGTCT	14	1.7111	CAGGACTACHVGGGTWTCTAAT	13CXPS	13X.PS.14.21
13X.PS.14.22	TCACTCGTGA	14	1.7089	CAGGACTACHVGGGTWTCTAAT	13CXPS	13X.PS.14.22
13X.PS.14.23	TCACTCTCAC	14	1.7035	CAGGACTACHVGGGTWTCTAAT	13CXPS	13X.PS.14.23
13X.PS.14.24	TCACTCTCTG	14	1.6991	CAGGACTACHVGGGTWTCTAAT	13CXPS	13X.PS.14.24
13X.PS.14.25	TCACTCTGAG	14	1.6947	CAGGACTACHVGGGTWTCTAAT	13CXPS	13X.PS.14.25
13X.PS.14.26	TCACTCTGTC	14	1.6892	CAGGACTACHVGGGTWTCTAAT	13CXPS	13X.PS.14.26
13X.PS.14.27	TCACACCTCT	14	1.6849	CAGGACTACHVGGGTWTCTAAT	13CXPS	13X.PS.14.27
13X.PS.14.28	TCACAGAGAC	14	1.6827	CAGGACTACHVGGGTWTCTAAT	13CXPS	13X.PS.14.28
13X.PS.14.29	TCACAGTGAG	14	1.6794	CAGGACTACHVGGGTWTCTAAT	13CXPS	13X.PS.14.29
13X.PS.3.10	TCACGTAGGA	3	1.7308	CAGGACTACHVGGGTWTCTAAT	13CXPS	13X.PS.3.10
13X.PS.3.11	TCACGTCAAC	3	1.7264	CAGGACTACHVGGGTWTCTAAT	13CXPS	13X.PS.3.11
13X.PS.3.12	TCACGTCATG	3	1.7253	CAGGACTACHVGGGTWTCTAAT	13CXPS	13X.PS.3.12
13X.PS.3.13	TCACGTCTAG	3	1.7209	CAGGACTACHVGGGTWTCTAAT	13CXPS	13X.PS.3.13
13X.PS.3.14	TCACTGTCTC	3	1.7166	CAGGACTACHVGGGTWTCTAAT	13CXPS	13X.PS.3.14
13X.PS.3.15	TCACTGTGAC	3	1.7122	CAGGACTACHVGGGTWTCTAAT	13CXPS	13X.PS.3.15
13X.PS.3.16	TCACTGTGTG	3	1.7089	CAGGACTACHVGGGTWTCTAAT	13CXPS	13X.PS.3.16
13X.PS.3.17	TCAGACACAG	3	1.7056	CAGGACTACHVGGGTWTCTAAT	13CXPS	13X.PS.3.17
13X.PS.3.18	TCAGACACTC	3	1.7002	CAGGACTACHVGGGTWTCTAAT	13CXPS	13X.PS.3.18
13X.PS.3.19	TCACGTCTTC	3	1.6958	CAGGACTACHVGGGTWTCTAAT	13CXPS	13X.PS.3.19
13X.PS.3.2	TCAAGCTTGC	3	1.7515	CAGGACTACHVGGGTWTCTAAT	13CXPS	13X.PS.3.2
13X.PS.3.21	TCACGTGAAG	3	1.6892	CAGGACTACHVGGGTWTCTAAT	13CXPS	13X.PS.3.21
13X.PS.3.3	TCAAGGTTGG	3	1.7504	CAGGACTACHVGGGTWTCTAAT	13CXPS	13X.PS.3.3
13X.PS.3.4	TCACACACTG	3	1.7461	CAGGACTACHVGGGTWTCTAAT	13CXPS	13X.PS.3.4
13X.PS.3.5	TCACGATGCT	3	1.7461	CAGGACTACHVGGGTWTCTAAT	13CXPS	13X.PS.3.5
13X.PS.3.6	TCACGATGGA	3	1.7417	CAGGACTACHVGGGTWTCTAAT	13CXPS	13X.PS.3.6
13X.PS.3.7	TCACGTACCA	3	1.7395	CAGGACTACHVGGGTWTCTAAT	13CXPS	13X.PS.3.7
13X.PS.3.8	TCACGTACGT	3	1.7362	CAGGACTACHVGGGTWTCTAAT	13CXPS	13X.PS.3.8
13X.PS.3.9	TCACGTAGCT	3	1.733	CAGGACTACHVGGGTWTCTAAT	13CXPS	13X.PS.3.9
13X.PS.30.10	TCAGACCACT	30	1.7515	CAGGACTACHVGGGTWTCTAAT	13CXPS	13X.PS.30.10
13X.PS.30.11	TCACGAGTAG	30	1.7483	CAGGACTACHVGGGTWTCTAAT	13CXPS	13X.PS.30.11
13X.PS.30.12	TCAGACCAGA	30	1.7428	CAGGACTACHVGGGTWTCTAAT	13CXPS	13X.PS.30.12
13X.PS.30.13	TCACGAGTTC	30	1.7384	CAGGACTACHVGGGTWTCTAAT	13CXPS	13X.PS.30.13
13X.PS.30.14	TCAGACCTCA	30	1.733	CAGGACTACHVGGGTWTCTAAT	13CXPS	13X.PS.30.14
13X.PS.30.15	TCAGACCTGT	30	1.7297	CAGGACTACHVGGGTWTCTAAT	13CXPS	13X.PS.30.15
13X.PS.30.16	TCAGACGACA	30	1.7253	CAGGACTACHVGGGTWTCTAAT	13CXPS	13X.PS.30.16
13X.PS.30.17	TCAGACGAGT	30	1.7209	CAGGACTACHVGGGTWTCTAAT	13CXPS	13X.PS.30.17
13X.PS.30.18	TCAGACGTCT	30	1.7177	CAGGACTACHVGGGTWTCTAAT	13CXPS	13X.PS.30.18
13X.PS.30.19	TCAGACGTGA	30	1.7133	CAGGACTACHVGGGTWTCTAAT	13CXPS	13X.PS.30.19
13X.PS.30.20	TCAGCTACCA	30	1.71	CAGGACTACHVGGGTWTCTAAT	13CXPS	13X.PS.30.20
13X.PS.30.21	TCAGCATCCA	30	1.7056	CAGGACTACHVGGGTWTCTAAT	13CXPS	13X.PS.30.21
13X.PS.30.22	TCAGCATCGT	30	1.7002	CAGGACTACHVGGGTWTCTAAT	13CXPS	13X.PS.30.22
13X.PS.30.23	TCAGCATGCT	30	1.6969	CAGGACTACHVGGGTWTCTAAT	13CXPS	13X.PS.30.23
13X.PS.30.24	TCAGCATGGA	30	1.6925	CAGGACTACHVGGGTWTCTAAT	13CXPS	13X.PS.30.24
13X.PS.30.25	TCAGACTCAC	30	1.6882	CAGGACTACHVGGGTWTCTAAT	13CXPS	13X.PS.30.25
13X.PS.30.26	TCACGATCCA	30	1.686	CAGGACTACHVGGGTWTCTAAT	13CXPS	13X.PS.30.26
13X.PS.30.27	TCACGATCGT	30	1.6827	CAGGACTACHVGGGTWTCTAAT	13CXPS	13X.PS.30.27
13X.PS.30.28	TCACTGGACT	30	1.6794	CAGGACTACHVGGGTWTCTAAT	13CXPS	13X.PS.30.28
13X.PS.30.9	TCACGAGATG	30	1.7559	CAGGACTACHVGGGTWTCTAAT	13CXPS	13X.PS.30.9
13X.PS.7.10	TCACGACATC	7	1.7264	CAGGACTACHVGGGTWTCTAAT	13CXPS	13X.PS.7.10
13X.PS.7.11	TCACTGGAGA	7	1.7209	CAGGACTACHVGGGTWTCTAAT	13CXPS	13X.PS.7.11
13X.PS.7.12	TCACTGGTCA	7	1.7177	CAGGACTACHVGGGTWTCTAAT	13CXPS	13X.PS.7.12
13X.PS.7.13	TCACTGGTGT	7	1.7144	CAGGACTACHVGGGTWTCTAAT	13CXPS	13X.PS.7.13
13X.PS.7.14	TCAGACTCTG	7	1.71	CAGGACTACHVGGGTWTCTAAT	13CXPS	13X.PS.7.14
13X.PS.7.15	TCAGACTGAG	7	1.7056	CAGGACTACHVGGGTWTCTAAT	13CXPS	13X.PS.7.15
13X.PS.7.16	TCAGACTGTC	7	1.7013	CAGGACTACHVGGGTWTCTAAT	13CXPS	13X.PS.7.16
13X.PS.7.17	TCAGAGACAC	7	1.6969	CAGGACTACHVGGGTWTCTAAT	13CXPS	13X.PS.7.17
13X.PS.7.18	TCACTGTCAG	7	1.6925	CAGGACTACHVGGGTWTCTAAT	13CXPS	13X.PS.7.18
13X.PS.7.20	TCAGACAGTG	7	1.6849	CAGGACTACHVGGGTWTCTAAT	13CXPS	13X.PS.7.20
13X.PS.7.21	TCACGACTAC	7	1.6816	CAGGACTACHVGGGTWTCTAAT	13CXPS	13X.PS.7.21
13X.PS.7.22	TCACGACTTG	7	1.6772	CAGGACTACHVGGGTWTCTAAT	13CXPS	13X.PS.7.22
13X.PS.7.23	TCACGAGAAC	7	1.6739	CAGGACTACHVGGGTWTCTAAT	13CXPS	13X.PS.7.23
13X.PS.7.4	TCACACTCAG	7	1.7548	CAGGACTACHVGGGTWTCTAAT	13CXPS	13X.PS.7.4
13X.PS.7.5	TCACAGGACA	7	1.7515	CAGGACTACHVGGGTWTCTAAT	13CXPS	13X.PS.7.5
13X.PS.7.6	TCAACCATGC	7	1.745	CAGGACTACHVGGGTWTCTAAT	13CXPS	13X.PS.7.6
13X.PS.7.7	TCAACGATGG	7	1.7417	CAGGACTACHVGGGTWTCTAAT	13CXPS	13X.PS.7.7
13X.PS.7.8	TCAAGCAAGC	7	1.7362	CAGGACTACHVGGGTWTCTAAT	13CXPS	13X.PS.7.8
13X.PS.7.9	TCACGACAAG	7	1.7297	CAGGACTACHVGGGTWTCTAAT	13CXPS	13X.PS.7.9
13C.PS.3.15	TCACGTAGGA	3	1.7494	CAGGACTACHVGGGTWTCTAAT	13CCPS	13C.PS.3.15
13X.PS.3.20	TCACGTAGCT	3	1.6925	CAGGACTACHVGGGTWTCTAAT	13CXPS	13X.PS.3.20
13X.PS.7.19	TCACTCACTC	7	1.6882	CAGGACTACHVGGGTWTCTAAT	13CXPS	13X.PS.7.19
13C.PS.7.7	TCACACCACA	7	1.7559	CAGGACTACHVGGGTWTCTAAT	13CCPS	13C.PS.7.7
13C.PS.7.8	TCACACCAGT	7	1.7504	CAGGACTACHVGGGTWTCTAAT	13CCPS	13C.PS.7.8
13C.PS.7.10	TCACACCTCT	7	1.7417	CAGGACTACHVGGGTWTCTAAT	13CCPS	13C.PS.7.10
13C.PS.7.11	TCACACCTGA	7	1.7384	CAGGACTACHVGGGTWTCTAAT	13CCPS	13C.PS.7.11
13C.PS.7.12	TCACACGACT	7	1.733	CAGGACTACHVGGGTWTCTAAT	13CCPS	13C.PS.7.12
13C.PS.7.13	TCACACGAGA	7	1.7286	CAGGACTACHVGGGTWTCTAAT	13CCPS	13C.PS.7.13
13C.PS.7.14	TCACACGTCA	7	1.7242	CAGGACTACHVGGGTWTCTAAT	13CCPS	13C.PS.7.14
13C.PS.7.15	TCACACGTGT	7	1.7209	CAGGACTACHVGGGTWTCTAAT	13CCPS	13C.PS.7.15
13C.PS.7.16	TCACACTCAG	7	1.7144	CAGGACTACHVGGGTWTCTAAT	13CCPS	13C.PS.7.16
13C.PS.7.17	TCACACTCTC	7	1.7133	CAGGACTACHVGGGTWTCTAAT	13CCPS	13C.PS.7.17
13C.PS.7.18	TCACACTGAC	7	1.7122	CAGGACTACHVGGGTWTCTAAT	13CCPS	13C.PS.7.18
13C.PS.7.19	TCACACTGTG	7	1.7035	CAGGACTACHVGGGTWTCTAAT	13CCPS	13C.PS.7.19
13C.PS.7.20	TCACAGACAG	7	1.6969	CAGGACTACHVGGGTWTCTAAT	13CCPS	13C.PS.7.20
13C.PS.7.21	TCACAGACTC	7	1.6936	CAGGACTACHVGGGTWTCTAAT	13CCPS	13C.PS.7.21
13C.PS.7.22	TCACAGAGAC	7	1.6903	CAGGACTACHVGGGTWTCTAAT	13CCPS	13C.PS.7.22
13C.PS.7.23	TCACAGAGTG	7	1.6871	CAGGACTACHVGGGTWTCTAAT	13CCPS	13C.PS.7.23
13C.PS.7.24	TCACAGCACT	7	1.6827	CAGGACTACHVGGGTWTCTAAT	13CCPS	13C.PS.7.24
13C.PS.7.25	TCACAGCAGA	7	1.6794	CAGGACTACHVGGGTWTCTAAT	13CCPS	13C.PS.7.25
13C.PS.7.26	TCACAGCTCA	7	1.6761	CAGGACTACHVGGGTWTCTAAT	13CCPS	13C.PS.7.26
13C.PS.7.27	TCACAGCTGT	7	1.6707	CAGGACTACHVGGGTWTCTAAT	13CCPS	13C.PS.7.27
cont.PS.7.7	TCACAGGACA	7	1.7504	CAGGACTACHVGGGTWTCTAAT	12CCPS	cont.PS.7.7
cont.PS.7.9	TCACAGGAGT	7	1.7428	CAGGACTACHVGGGTWTCTAAT	12CCPS	cont.PS.7.9
cont.PS.7.10	TCACAGGTCT	7	1.7384	CAGGACTACHVGGGTWTCTAAT	12CCPS	cont.PS.7.10
cont.PS.7.12	TCACAGGTGA	7	1.7286	CAGGACTACHVGGGTWTCTAAT	12CCPS	cont.PS.7.12
cont.PS.7.13	TCACAGTCAC	7	1.7253	CAGGACTACHVGGGTWTCTAAT	12CCPS	cont.PS.7.13
cont.PS.7.14	TCACAGTCTG	7	1.7231	CAGGACTACHVGGGTWTCTAAT	12CCPS	cont.PS.7.14
cont.PS.7.15	TCACAGTGAG	7	1.7188	CAGGACTACHVGGGTWTCTAAT	12CCPS	cont.PS.7.15
cont.PS.7.16	TCACAGTGTC	7	1.7144	CAGGACTACHVGGGTWTCTAAT	12CCPS	cont.PS.7.16
cont.PS.7.17	TCACCAACCA	7	1.7089	CAGGACTACHVGGGTWTCTAAT	12CCPS	cont.PS.7.17
cont.PS.7.18	TCACCAACGT	7	1.7089	CAGGACTACHVGGGTWTCTAAT	12CCPS	cont.PS.7.18
cont.PS.7.19	TCACGAAGGT	7	1.7013	CAGGACTACHVGGGTWTCTAAT	12CCPS	cont.PS.7.19
cont.PS.7.20	TCACGAGTTC	7	1.698	CAGGACTACHVGGGTWTCTAAT	12CCPS	cont.PS.7.20
cont.PS.7.21	TCACGTAGGA	7	1.6947	CAGGACTACHVGGGTWTCTAAT	12CCPS	cont.PS.7.21
cont.PS.7.22	TCACGTGTTG	7	1.6882	CAGGACTACHVGGGTWTCTAAT	12CCPS	cont.PS.7.22
cont.PS.7.23	TCACTCAGTG	7	1.6838	CAGGACTACHVGGGTWTCTAAT	12CCPS	cont.PS.7.23
cont.PS.7.24	TCACTCGTGA	7	1.6805	CAGGACTACHVGGGTWTCTAAT	12CCPS	cont.PS.7.24
cont.PS.7.25	TCACTGAGTC	7	1.6772	CAGGACTACHVGGGTWTCTAAT	12CCPS	cont.PS.7.25
cont.PS.7.26	TCACTGGTGT	7	1.6729	CAGGACTACHVGGGTWTCTAAT	12CCPS	cont.PS.7.26
cont.PS.7.27	TCAGACAGTG	7	1.6674	CAGGACTACHVGGGTWTCTAAT	12CCPS	cont.PS.7.27
cont.PS.7.28	TCAGACGTGA	7	1.6641	CAGGACTACHVGGGTWTCTAAT	12CCPS	cont.PS.7.28
cont.PS.14.6	TCAGAGAGTC	14	1.745	CAGGACTACHVGGGTWTCTAAT	12CCPS	cont.PS.14.6
cont.PS.14.7	TCAGAGGTGT	14	1.7428	CAGGACTACHVGGGTWTCTAAT	12CCPS	cont.PS.14.7
cont.PS.14.8	TCACGACAAG	14	1.7384	CAGGACTACHVGGGTWTCTAAT	12CCPS	cont.PS.14.8
cont.PS.14.9	TCACGATCCA	14	1.7362	CAGGACTACHVGGGTWTCTAAT	12CCPS	cont.PS.14.9
cont.PS.14.10	TCACGTCAAC	14	1.7297	CAGGACTACHVGGGTWTCTAAT	12CCPS	cont.PS.14.10
cont.PS.14.11	TCACGTTCCT	14	1.7264	CAGGACTACHVGGGTWTCTAAT	12CCPS	cont.PS.14.11
cont.PS.14.12	TCACTCCACT	14	1.7188	CAGGACTACHVGGGTWTCTAAT	12CCPS	cont.PS.14.12
cont.PS.14.13	TCACTCTCAC	14	1.7166	CAGGACTACHVGGGTWTCTAAT	12CCPS	cont.PS.14.13
cont.PS.14.14	TCACTGCACA	14	1.7122	CAGGACTACHVGGGTWTCTAAT	12CCPS	cont.PS.14.14
cont.PS.14.15	TCACTGTCAG	14	1.7067	CAGGACTACHVGGGTWTCTAAT	12CCPS	cont.PS.14.15
cont.PS.14.16	TCAGACCACT	14	1.7002	CAGGACTACHVGGGTWTCTAAT	12CCPS	cont.PS.14.16
cont.PS.14.17	TCAGACTCAC	14	1.698	CAGGACTACHVGGGTWTCTAAT	12CCPS	cont.PS.14.17
cont.PS.14.18	TCAGAGCACA	14	1.6936	CAGGACTACHVGGGTWTCTAAT	12CCPS	cont.PS.14.18
cont.PS.14.19	TCAGAGTCAG	14	1.6903	CAGGACTACHVGGGTWTCTAAT	12CCPS	cont.PS.14.19
cont.PS.14.20	TCACGACATC	14	1.6849	CAGGACTACHVGGGTWTCTAAT	12CCPS	cont.PS.14.20
cont.PS.14.21	TCACGATCGT	14	1.6827	CAGGACTACHVGGGTWTCTAAT	12CCPS	cont.PS.14.21
cont.PS.14.22	TCACGTCATG	14	1.6761	CAGGACTACHVGGGTWTCTAAT	12CCPS	cont.PS.14.22
cont.PS.14.23	TCACGTTCGA	14	1.6718	CAGGACTACHVGGGTWTCTAAT	12CCPS	cont.PS.14.23
cont.PS.14.24	TCACTCCAGA	14	1.6696	CAGGACTACHVGGGTWTCTAAT	12CCPS	cont.PS.14.24
cont.PS.14.25	TCACTCTCTG	14	1.663	CAGGACTACHVGGGTWTCTAAT	12CCPS	cont.PS.14.25
cont.SS.7.7	TCACTGCAGT	7	1.7494	CAGGACTACHVGGGTWTCTAAT	12CCSS	cont.SS.7.7
cont.SS.7.8	TCACTGTCTC	7	1.7461	CAGGACTACHVGGGTWTCTAAT	12CCSS	cont.SS.7.8
cont.SS.7.9	TCAGACCAGA	7	1.7395	CAGGACTACHVGGGTWTCTAAT	12CCSS	cont.SS.7.9
cont.SS.7.10	TCAGACTCTG	7	1.7341	CAGGACTACHVGGGTWTCTAAT	12CCSS	cont.SS.7.10
cont.SS.7.11	TCAGAGCAGT	7	1.7297	CAGGACTACHVGGGTWTCTAAT	12CCSS	cont.SS.7.11
cont.SS.7.12	TCAGAGTCTC	7	1.7242	CAGGACTACHVGGGTWTCTAAT	12CCSS	cont.SS.7.12
cont.SS.7.13	TCACGACTAC	7	1.7209	CAGGACTACHVGGGTWTCTAAT	12CCSS	cont.SS.7.13
cont.SS.7.14	TCACGATGCT	7	1.7155	CAGGACTACHVGGGTWTCTAAT	12CCSS	cont.SS.7.14
cont.SS.7.15	TCACGTCTAG	7	1.7133	CAGGACTACHVGGGTWTCTAAT	12CCSS	cont.SS.7.15
cont.SS.7.16	TCACGTTGCA	7	1.7089	CAGGACTACHVGGGTWTCTAAT	12CCSS	cont.SS.7.16
cont.SS.7.17	TCACTCCTCA	7	1.7056	CAGGACTACHVGGGTWTCTAAT	12CCSS	cont.SS.7.17
cont.SS.7.18	TCACTCTGAG	7	1.6991	CAGGACTACHVGGGTWTCTAAT	12CCSS	cont.SS.7.18
cont.SS.7.19	TCACTGCTCT	7	1.6925	CAGGACTACHVGGGTWTCTAAT	12CCSS	cont.SS.7.19
cont.SS.7.20	TCACTGTGAC	7	1.6925	CAGGACTACHVGGGTWTCTAAT	12CCSS	cont.SS.7.20
cont.SS.7.21	TCAGACCTCA	7	1.6936	CAGGACTACHVGGGTWTCTAAT	12CCSS	cont.SS.7.21
cont.SS.7.22	TCAGACTGAG	7	1.6849	CAGGACTACHVGGGTWTCTAAT	12CCSS	cont.SS.7.22
cont.SS.7.23	TCAGAGCTCT	7	1.6794	CAGGACTACHVGGGTWTCTAAT	12CCSS	cont.SS.7.23
cont.SS.7.24	TCAGAGTGAC	7	1.6761	CAGGACTACHVGGGTWTCTAAT	12CCSS	cont.SS.7.24
cont.SS.7.25	TCACGACTTG	7	1.6718	CAGGACTACHVGGGTWTCTAAT	12CCSS	cont.SS.7.25
cont.SS.7.26	TCACGATGGA	7	1.6674	CAGGACTACHVGGGTWTCTAAT	12CCSS	cont.SS.7.26
cont.SS.30.6	TCACGTCTTC	30	1.7537	CAGGACTACHVGGGTWTCTAAT	12CCSS	cont.SS.30.6
cont.SS.30.8	TCACGTTGGT	30	1.7483	CAGGACTACHVGGGTWTCTAAT	12CCSS	cont.SS.30.8
cont.SS.30.9	TCACTCCTGT	30	1.745	CAGGACTACHVGGGTWTCTAAT	12CCSS	cont.SS.30.9
cont.SS.30.10	TCACTCTGTC	30	1.7417	CAGGACTACHVGGGTWTCTAAT	12CCSS	cont.SS.30.10
cont.SS.30.13	TCACTGCTGA	30	1.7319	CAGGACTACHVGGGTWTCTAAT	12CCSS	cont.SS.30.13
cont.SS.30.14	TCACTGTGTG	30	1.7264	CAGGACTACHVGGGTWTCTAAT	12CCSS	cont.SS.30.14
cont.SS.30.15	TCAGACCTGT	30	1.722	CAGGACTACHVGGGTWTCTAAT	12CCSS	cont.SS.30.15
cont.SS.30.16	TCAGACTGTC	30	1.7177	CAGGACTACHVGGGTWTCTAAT	12CCSS	cont.SS.30.16
cont.SS.30.17	TCAGAGCTGA	30	1.7144	CAGGACTACHVGGGTWTCTAAT	12CCSS	cont.SS.30.17
cont.SS.30.18	TCAGAGTGTG	30	1.71	CAGGACTACHVGGGTWTCTAAT	12CCSS	cont.SS.30.18
cont.SS.30.20	TCACGAGAAC	30	1.7024	CAGGACTACHVGGGTWTCTAAT	12CCSS	cont.SS.30.20
cont.SS.30.21	TCACGTACCA	30	1.698	CAGGACTACHVGGGTWTCTAAT	12CCSS	cont.SS.30.21
cont.SS.30.22	TCACGTGAAG	30	1.6947	CAGGACTACHVGGGTWTCTAAT	12CCSS	cont.SS.30.22
cont.SS.30.23	TCACTCACAG	30	1.6914	CAGGACTACHVGGGTWTCTAAT	12CCSS	cont.SS.30.23
cont.SS.30.24	TCACTCGACA	30	1.686	CAGGACTACHVGGGTWTCTAAT	12CCSS	cont.SS.30.24
cont.SS.30.25	TCACTGACAC	30	1.6827	CAGGACTACHVGGGTWTCTAAT	12CCSS	cont.SS.30.25
cont.SS.30.26	TCACTGGACT	30	1.6794	CAGGACTACHVGGGTWTCTAAT	12CCSS	cont.SS.30.26
cont.SS.30.27	TCAGACACAG	30	1.675	CAGGACTACHVGGGTWTCTAAT	12CCSS	cont.SS.30.27
cont.SS.30.28	TCAGACGACA	30	1.6718	CAGGACTACHVGGGTWTCTAAT	12CCSS	cont.SS.30.28
cont.SS.30.29	TCAGAGACAC	30	1.6674	CAGGACTACHVGGGTWTCTAAT	12CCSS	cont.SS.30.29
cont.PS.1.bulk	TCAGAGGACT	1		CAGGACTACHVGGGTWTCTAAT	12CCPS	cont.PS.1.bulk
cont.PS.3.bulk	TCAGCAACCT	3		CAGGACTACHVGGGTWTCTAAT	12CCPS	cont.PS.3.bulk
cont.PS.7.bulk	TCAGCATGCT	7		CAGGACTACHVGGGTWTCTAAT	12CCPS	cont.PS.7.bulk
cont.PS.14.bulk	TCAGCATGGA	14		CAGGACTACHVGGGTWTCTAAT	12CCPS	cont.PS.14.bulk
cont.PS.30.bulk	TCACGTGATC	30		CAGGACTACHVGGGTWTCTAAT	12CCPS	cont.PS.30.bulk
13X.PS.1.bulk	TCACTCACTC	1		CAGGACTACHVGGGTWTCTAAT	13CXPS	13X.PS.1.bulk
13X.PS.3.bulk	TCACTCGAGT	3		CAGGACTACHVGGGTWTCTAAT	13CXPS	13X.PS.3.bulk
13X.PS.7.bulk	TCACTGACTG	7		CAGGACTACHVGGGTWTCTAAT	13CXPS	13X.PS.7.bulk
13X.PS.14.bulk	TCACTGGAGA	14		CAGGACTACHVGGGTWTCTAAT	13CXPS	13X.PS.14.bulk
13X.PS.30.bulk	TCAGACACTC	30		CAGGACTACHVGGGTWTCTAAT	13CXPS	13X.PS.30.bulk
cont.SS.7.bulk	TCAGACGAGT	7		CAGGACTACHVGGGTWTCTAAT	12CCSS	cont.SS.7.bulk
cont.SS.30.bulk	TCAGAGACTG	30		CAGGACTACHVGGGTWTCTAAT	12CCSS	cont.SS.30.bulk
13C.SS.30.5	TCAGAGGAGA	30	1.7526	CAGGACTACHVGGGTWTCTAAT	13CCSS	13C.SS.30.5
13C.SS.30.6	TCAGCAACGA	30	1.7461	CAGGACTACHVGGGTWTCTAAT	13CCSS	13C.SS.30.6
13C.SS.30.7	TCACGAGTAG	30	1.7428	CAGGACTACHVGGGTWTCTAAT	13CCSS	13C.SS.30.7
13C.SS.30.8	TCACGTAGCT	30	1.7395	CAGGACTACHVGGGTWTCTAAT	13CCSS	13C.SS.30.8
13C.SS.30.9	TCACGTGTAC	30	1.7351	CAGGACTACHVGGGTWTCTAAT	13CCSS	13C.SS.30.9
13C.SS.30.10	TCACTCAGAC	30	1.7275	CAGGACTACHVGGGTWTCTAAT	13CCSS	13C.SS.30.10
13C.SS.30.11	TCACTCGTCT	30	1.7231	CAGGACTACHVGGGTWTCTAAT	13CCSS	13C.SS.30.11
13C.SS.30.13	TCACTGAGAG	30	1.7155	CAGGACTACHVGGGTWTCTAAT	13CCSS	13C.SS.30.13
13C.SS.30.14	TCACTGGTCA	30	1.7111	CAGGACTACHVGGGTWTCTAAT	13CCSS	13C.SS.30.14
13C.SS.30.15	TCAGACAGAC	30	1.7056	CAGGACTACHVGGGTWTCTAAT	13CCSS	13C.SS.30.15
13C.SS.30.16	TCAGACGTCT	30	1.7035	CAGGACTACHVGGGTWTCTAAT	13CCSS	13C.SS.30.16
13C.SS.30.17	TCAGAGAGAG	30	1.6969	CAGGACTACHVGGGTWTCTAAT	13CCSS	13C.SS.30.17
13C.SS.30.18	TCAGAGGTCA	30	1.6925	CAGGACTACHVGGGTWTCTAAT	13CCSS	13C.SS.30.18
13C.SS.30.19	TCAGCAAGCA	30	1.6892	CAGGACTACHVGGGTWTCTAAT	13CCSS	13C.SS.30.19
13C.SS.30.20	TCAGCAAGGT	30	1.6849	CAGGACTACHVGGGTWTCTAAT	13CCSS	13C.SS.30.20
13C.SS.30.21	TCAGCACAAG	30	1.6805	CAGGACTACHVGGGTWTCTAAT	13CCSS	13C.SS.30.21
13C.SS.30.22	TCAGCACATC	30	1.6794	CAGGACTACHVGGGTWTCTAAT	13CCSS	13C.SS.30.22
13C.SS.30.23	TCAGCACTAC	30	1.675	CAGGACTACHVGGGTWTCTAAT	13CCSS	13C.SS.30.23
13C.SS.30.24	TCAGCACTTG	30	1.6685	CAGGACTACHVGGGTWTCTAAT	13CCSS	13C.SS.30.24
13C.SS.30.25	TCAGCAGAAC	30	1.6663	CAGGACTACHVGGGTWTCTAAT	13CCSS	13C.SS.30.25
13C.PS.3.bulk	TCAGCAGATG	3		CAGGACTACHVGGGTWTCTAAT	13CCPS	13C.PS.3.bulk
13C.PS.7.bulk	TCAGCAGTAG	7		CAGGACTACHVGGGTWTCTAAT	13CCPS	13C.PS.7.bulk
13C.PS.14.bulk	TCAGCAGTTC	14		CAGGACTACHVGGGTWTCTAAT	13CCPS	13C.PS.14.bulk
13C.PS.30.bulk	TCAGCATCCA	30		CAGGACTACHVGGGTWTCTAAT	13CCPS	13C.PS.30.bulk
13C.SS.30.bulk	TCAGCATCGT	30		CAGGACTACHVGGGTWTCTAAT	13CCSS	13C.SS.30.bulk
